H,eta,rho
0.056595746684732794,2.1398136300372865,-0.883090923720133
