H,eta,rho
0.08563026717705109,1.8906197164241807,-0.8978282424369527
