Tenor,Rate
0.019178082,4.3316
0.038356164,4.445
0.057534247,4.497
0.083333333,4.536
0.166666667,4.5875
0.25,4.668
0.333333333,4.7342
0.416666667,4.789
0.5,4.8269
0.75,4.878
1,4.8485
1.5,4.53825
2,4.201475
3,3.74869
4,3.511879
5,3.377621
6,3.297157
7,3.245
8,3.211946
9,3.195546
10,3.188184
12,3.189691
15,3.19873
20,3.163828
25,3.063784
30,2.96249
40,2.746381
50,2.532429
